"n","delta","MSE"
100,0.0098989898989899,0.00962906450693118
